-- Insert 20 records into Users Table

INSERT INTO Users(UserID,Username,FirstName,LastName,DateOfBirth,Password,DateAdded) VALUES (1,'dcollis0','Darlene','Collis','15-12-2008','aL6.sD)k&4e9','15-12-2023');
INSERT INTO Users(UserID,Username,FirstName,LastName,DateOfBirth,Password,DateAdded) VALUES (2,'gcredland1','Giralda','Credland','14-04-1993','iY2>b"Mn=','24-05-2024');
INSERT INTO Users(UserID,Username,FirstName,LastName,DateOfBirth,Password,DateAdded) VALUES (3,'emcsperrin2','Elladine','McSperrin','27-11-2007','kW7&erZz','28-08-2024');
INSERT INTO Users(UserID,Username,FirstName,LastName,DateOfBirth,Password,DateAdded) VALUES (4,'dfleischmann3','Drona','Fleischmann','15-05-2002','lJ2.ezELsO2Kzt','26-06-2024');
INSERT INTO Users(UserID,Username,FirstName,LastName,DateOfBirth,Password,DateAdded) VALUES (5,'cbroady4','Cart','Broady','29-07-2000','kJ5)/J_!R6D.','11-01-2024');
INSERT INTO Users(UserID,Username,FirstName,LastName,DateOfBirth,Password,DateAdded) VALUES (6,'slewsley5','Sianna','Lewsley','12-01-1990','eV7<4>o?','16-09-2023');
INSERT INTO Users(UserID,Username,FirstName,LastName,DateOfBirth,Password,DateAdded) VALUES (7,'elittlejohns6','Eleonora','Littlejohns','28-01-2008','vF3)ydK.%a','15-08-2024');
INSERT INTO Users(UserID,Username,FirstName,LastName,DateOfBirth,Password,DateAdded) VALUES (8,'wecclesall7','Walker','Ecclesall','18-12-2009','qV4=55)#\6yeG','22-04-2024');
INSERT INTO Users(UserID,Username,FirstName,LastName,DateOfBirth,Password,DateAdded) VALUES (9,'bcuckoo8','Bastian','Cuckoo','04-02-1992','mM4`p*/6f"t_4','10-09-2023');
INSERT INTO Users(UserID,Username,FirstName,LastName,DateOfBirth,Password,DateAdded) VALUES (10,'jrush9','Jesse','Rush','04-10-1999','kY4||!sKgn8','02-04-2024');
INSERT INTO Users(UserID,Username,FirstName,LastName,DateOfBirth,Password,DateAdded) VALUES (11,'ilevingtona','Ignace','Levington','19-11-1998','eG1"e#h=FE#G','01-11-2023');
INSERT INTO Users(UserID,Username,FirstName,LastName,DateOfBirth,Password,DateAdded) VALUES (12,'feveristb','Fawne','Everist','04-09-1993','hM7=@g5P.u8','22-09-2023');
INSERT INTO Users(UserID,Username,FirstName,LastName,DateOfBirth,Password,DateAdded) VALUES (13,'bmcreynoldsc','Brook','McReynolds','29-04-1995','rI1?%hEcx_\P''bdF','26-11-2023');
INSERT INTO Users(UserID,Username,FirstName,LastName,DateOfBirth,Password,DateAdded) VALUES (14,'osommerd','Ogdan','Sommer','27-07-2009','pC1{70&il()&5','05-07-2024');
INSERT INTO Users(UserID,Username,FirstName,LastName,DateOfBirth,Password,DateAdded) VALUES (15,'owitherdone','Olivette','Witherdon','09-12-2000','pL0''N=%WS','20-04-2024');
INSERT INTO Users(UserID,Username,FirstName,LastName,DateOfBirth,Password,DateAdded) VALUES (16,'fcliftonf','Ford','Clifton','04-03-1995','kC7</u3Ze','07-10-2023');
INSERT INTO Users(UserID,Username,FirstName,LastName,DateOfBirth,Password,DateAdded) VALUES (17,'jdiscombeg','Jodie','Discombe','11-01-2009','dB1(V&>5i=A','01-07-2024');
INSERT INTO Users(UserID,Username,FirstName,LastName,DateOfBirth,Password,DateAdded) VALUES (18,'lbylesh','Leeanne','Byles','05-10-2005','uP7`ILku}LmNHRG_','26-09-2023');
INSERT INTO Users(UserID,Username,FirstName,LastName,DateOfBirth,Password,DateAdded) VALUES (19,'ehodintoni','Eran','Hodinton','14-08-2008','pC4+j1E>jwIFt`jf','16-07-2024');
INSERT INTO Users(UserID,Username,FirstName,LastName,DateOfBirth,Password,DateAdded) VALUES (20,'ascollickj','Alvira','Scollick','07-08-1992','wK4~vc@F','17-03-2024');


-- Insert 20 records into Friends Table

INSERT INTO Friends(FriendID,FriendWhoAdded,FriendBeingAdded,IsAccepted,DateAdded) VALUES (1,6,19,'true','11/13/2002 15:48:01');
INSERT INTO Friends(FriendID,FriendWhoAdded,FriendBeingAdded,IsAccepted,DateAdded) VALUES (2,1,18,'true','7/9/2001 00:45:22');
INSERT INTO Friends(FriendID,FriendWhoAdded,FriendBeingAdded,IsAccepted,DateAdded) VALUES (3,12,7,'true','12/7/2011 21:11:04');
INSERT INTO Friends(FriendID,FriendWhoAdded,FriendBeingAdded,IsAccepted,DateAdded) VALUES (4,9,13,'true','4/7/2004 21:45:15');
INSERT INTO Friends(FriendID,FriendWhoAdded,FriendBeingAdded,IsAccepted,DateAdded) VALUES (5,11,10,'false','7/12/2016 22:34:58');
INSERT INTO Friends(FriendID,FriendWhoAdded,FriendBeingAdded,IsAccepted,DateAdded) VALUES (6,14,5,'false','5/20/2002 08:20:08');
INSERT INTO Friends(FriendID,FriendWhoAdded,FriendBeingAdded,IsAccepted,DateAdded) VALUES (7,19,20,'true','9/4/2001 02:15:39');
INSERT INTO Friends(FriendID,FriendWhoAdded,FriendBeingAdded,IsAccepted,DateAdded) VALUES (8,13,16,'false','5/16/2010 14:00:33');
INSERT INTO Friends(FriendID,FriendWhoAdded,FriendBeingAdded,IsAccepted,DateAdded) VALUES (9,3,11,'false','8/18/2002 12:33:09');
INSERT INTO Friends(FriendID,FriendWhoAdded,FriendBeingAdded,IsAccepted,DateAdded) VALUES (10,20,2,'false','3/18/2017 04:33:50');
INSERT INTO Friends(FriendID,FriendWhoAdded,FriendBeingAdded,IsAccepted,DateAdded) VALUES (11,18,9,'true','6/21/2006 11:15:50');
INSERT INTO Friends(FriendID,FriendWhoAdded,FriendBeingAdded,IsAccepted,DateAdded) VALUES (12,2,14,'false','6/18/2007 04:06:07');
INSERT INTO Friends(FriendID,FriendWhoAdded,FriendBeingAdded,IsAccepted,DateAdded) VALUES (13,5,4,'true','4/10/2009 10:57:38');
INSERT INTO Friends(FriendID,FriendWhoAdded,FriendBeingAdded,IsAccepted,DateAdded) VALUES (14,10,3,'false','7/18/2013 19:30:57');
INSERT INTO Friends(FriendID,FriendWhoAdded,FriendBeingAdded,IsAccepted,DateAdded) VALUES (15,7,15,'false','10/19/2003 23:24:22');
INSERT INTO Friends(FriendID,FriendWhoAdded,FriendBeingAdded,IsAccepted,DateAdded) VALUES (16,15,6,'true','4/26/2012 07:12:36');
INSERT INTO Friends(FriendID,FriendWhoAdded,FriendBeingAdded,IsAccepted,DateAdded) VALUES (17,4,17,'true','5/13/2002 17:57:05');
INSERT INTO Friends(FriendID,FriendWhoAdded,FriendBeingAdded,IsAccepted,DateAdded) VALUES (18,8,8,'true','5/27/2013 00:17:54');
INSERT INTO Friends(FriendID,FriendWhoAdded,FriendBeingAdded,IsAccepted,DateAdded) VALUES (19,17,12,'true','9/24/2001 07:12:28');
INSERT INTO Friends(FriendID,FriendWhoAdded,FriendBeingAdded,IsAccepted,DateAdded) VALUES (20,16,1,'true','3/20/2010 13:23:15');


-- Insert 20 records into Groups Table

INSERT INTO Groups(GroupID,GroupName,CreatedBy,DateAdded) VALUES (1,'Kassulke, Kub and Ruecker',8,'14-10-2011');
INSERT INTO Groups(GroupID,GroupName,CreatedBy,DateAdded) VALUES (2,'Haley-Zulauf',8,'26-04-2010');
INSERT INTO Groups(GroupID,GroupName,CreatedBy,DateAdded) VALUES (3,'Langosh-Larson',11,'06-02-2002');
INSERT INTO Groups(GroupID,GroupName,CreatedBy,DateAdded) VALUES (4,'Ebert Inc',15,'09-02-2022');
INSERT INTO Groups(GroupID,GroupName,CreatedBy,DateAdded) VALUES (5,'Weissnat Inc',7,'20-09-2015');
INSERT INTO Groups(GroupID,GroupName,CreatedBy,DateAdded) VALUES (6,'Strosin-Hartmann',5,'15-06-2009');
INSERT INTO Groups(GroupID,GroupName,CreatedBy,DateAdded) VALUES (7,'Buckridge Inc',6,'26-08-2004');
INSERT INTO Groups(GroupID,GroupName,CreatedBy,DateAdded) VALUES (8,'Kris and Sons',16,'23-09-2001');
INSERT INTO Groups(GroupID,GroupName,CreatedBy,DateAdded) VALUES (9,'Crona, Mayert and Runolfsdottir',7,'01-09-2007');
INSERT INTO Groups(GroupID,GroupName,CreatedBy,DateAdded) VALUES (10,'Cummings LLC',2,'01-10-2011');
INSERT INTO Groups(GroupID,GroupName,CreatedBy,DateAdded) VALUES (11,'Nienow LLC',8,'14-08-2007');
INSERT INTO Groups(GroupID,GroupName,CreatedBy,DateAdded) VALUES (12,'Deckow Inc',1,'12-02-2003');
INSERT INTO Groups(GroupID,GroupName,CreatedBy,DateAdded) VALUES (13,'Bernier LLC',16,'12-02-2001');
INSERT INTO Groups(GroupID,GroupName,CreatedBy,DateAdded) VALUES (14,'Bergstrom-Ortiz',13,'31-07-2004');
INSERT INTO Groups(GroupID,GroupName,CreatedBy,DateAdded) VALUES (15,'Weimann and Sons',4,'07-01-2020');
INSERT INTO Groups(GroupID,GroupName,CreatedBy,DateAdded) VALUES (16,'Feeney, Schulist and Fahey',13,'06-03-2005');
INSERT INTO Groups(GroupID,GroupName,CreatedBy,DateAdded) VALUES (17,'Kulas-Lueilwitz',1,'30-01-2013');
INSERT INTO Groups(GroupID,GroupName,CreatedBy,DateAdded) VALUES (18,'Bahringer-Jacobi',17,'22-07-2005');
INSERT INTO Groups(GroupID,GroupName,CreatedBy,DateAdded) VALUES (19,'Dare-Waelchi',14,'05-10-2019');
INSERT INTO Groups(GroupID,GroupName,CreatedBy,DateAdded) VALUES (20,'Kertzmann-Terry',1,'08-08-2012');


-- Insert 50 records into Posts Table

INSERT INTO Posts(PostID,PostDescription,PostedBy,IsPublic,IsOnlyForFriends,GroupID,DatePosted) VALUES (1348284219,'Today''s top news',10,'true','true',13,'07-08-2007');
INSERT INTO Posts(PostID,PostDescription,PostedBy,IsPublic,IsOnlyForFriends,GroupID,DatePosted) VALUES (1385530431,'10 ways to improve productivity',3,'true','true',17,'11-06-2021');
INSERT INTO Posts(PostID,PostDescription,PostedBy,IsPublic,IsOnlyForFriends,GroupID,DatePosted) VALUES (1724853801,'Travel adventures in Europe',6,'true','true',19,'30-07-2001');
INSERT INTO Posts(PostID,PostDescription,PostedBy,IsPublic,IsOnlyForFriends,GroupID,DatePosted) VALUES (164837326,'Healthy recipes for busy schedules',13,'false','false',11,'24-05-2012');
INSERT INTO Posts(PostID,PostDescription,PostedBy,IsPublic,IsOnlyForFriends,GroupID,DatePosted) VALUES (112841506,'Today''s top news',1,'false','false',9,'04-02-2013');
INSERT INTO Posts(PostID,PostDescription,PostedBy,IsPublic,IsOnlyForFriends,GroupID,DatePosted) VALUES (2060063227,'10 ways to improve productivity',4,'true','true',1,'01-11-2016');
INSERT INTO Posts(PostID,PostDescription,PostedBy,IsPublic,IsOnlyForFriends,GroupID,DatePosted) VALUES (935048862,'Travel adventures in Europe',16,'false','true',15,'13-11-2022');
INSERT INTO Posts(PostID,PostDescription,PostedBy,IsPublic,IsOnlyForFriends,GroupID,DatePosted) VALUES (77458012,'Healthy recipes for busy schedules',8,'false','true',3,'22-05-2009');
INSERT INTO Posts(PostID,PostDescription,PostedBy,IsPublic,IsOnlyForFriends,GroupID,DatePosted) VALUES (1848010528,'Today''s top news',17,'false','false',14,'06-12-2012');
INSERT INTO Posts(PostID,PostDescription,PostedBy,IsPublic,IsOnlyForFriends,GroupID,DatePosted) VALUES (1219272919,'10 ways to improve productivity',19,'true','false',12,'22-06-2008');
INSERT INTO Posts(PostID,PostDescription,PostedBy,IsPublic,IsOnlyForFriends,GroupID,DatePosted) VALUES (1869481232,'Travel adventures in Europe',9,'true','false',5,'02-09-2022');
INSERT INTO Posts(PostID,PostDescription,PostedBy,IsPublic,IsOnlyForFriends,GroupID,DatePosted) VALUES (2090428719,'Healthy recipes for busy schedules',14,'true','false',2,'16-07-2008');
INSERT INTO Posts(PostID,PostDescription,PostedBy,IsPublic,IsOnlyForFriends,GroupID,DatePosted) VALUES (256879324,'Today''s top news',12,'true','false',8,'31-08-2001');
INSERT INTO Posts(PostID,PostDescription,PostedBy,IsPublic,IsOnlyForFriends,GroupID,DatePosted) VALUES (467793461,'10 ways to improve productivity',15,'true','false',10,'25-12-2023');
INSERT INTO Posts(PostID,PostDescription,PostedBy,IsPublic,IsOnlyForFriends,GroupID,DatePosted) VALUES (448577905,'Travel adventures in Europe',11,'true','false',6,'21-04-2006');
INSERT INTO Posts(PostID,PostDescription,PostedBy,IsPublic,IsOnlyForFriends,GroupID,DatePosted) VALUES (1961187325,'Healthy recipes for busy schedules',2,'true','true',7,'03-01-2001');
INSERT INTO Posts(PostID,PostDescription,PostedBy,IsPublic,IsOnlyForFriends,GroupID,DatePosted) VALUES (1640606847,'Today''s top news',5,'false','false',20,'03-12-2017');
INSERT INTO Posts(PostID,PostDescription,PostedBy,IsPublic,IsOnlyForFriends,GroupID,DatePosted) VALUES (1633924319,'10 ways to improve productivity',7,'false','false',4,'14-06-2007');
INSERT INTO Posts(PostID,PostDescription,PostedBy,IsPublic,IsOnlyForFriends,GroupID,DatePosted) VALUES (1322181215,'Travel adventures in Europe',18,'true','false',16,'23-03-2012');
INSERT INTO Posts(PostID,PostDescription,PostedBy,IsPublic,IsOnlyForFriends,GroupID,DatePosted) VALUES (1232489354,'Healthy recipes for busy schedules',20,'false','true',18,'01-04-2005');
INSERT INTO Posts(PostID,PostDescription,PostedBy,IsPublic,IsOnlyForFriends,GroupID,DatePosted) VALUES (52775339,'Today''s top news',11,'true','true',20,'10-08-2020');
INSERT INTO Posts(PostID,PostDescription,PostedBy,IsPublic,IsOnlyForFriends,GroupID,DatePosted) VALUES (1663365886,'10 ways to improve productivity',10,'false','true',16,'19-07-2017');
INSERT INTO Posts(PostID,PostDescription,PostedBy,IsPublic,IsOnlyForFriends,GroupID,DatePosted) VALUES (197494564,'Travel adventures in Europe',9,'true','false',2,'15-12-2013');
INSERT INTO Posts(PostID,PostDescription,PostedBy,IsPublic,IsOnlyForFriends,GroupID,DatePosted) VALUES (1806215568,'Healthy recipes for busy schedules',4,'true','false',12,'02-05-2019');
INSERT INTO Posts(PostID,PostDescription,PostedBy,IsPublic,IsOnlyForFriends,GroupID,DatePosted) VALUES (827208505,'Today''s top news',14,'false','false',19,'19-08-2024');
INSERT INTO Posts(PostID,PostDescription,PostedBy,IsPublic,IsOnlyForFriends,GroupID,DatePosted) VALUES (1848923113,'10 ways to improve productivity',12,'true','true',4,'04-02-2013');
INSERT INTO Posts(PostID,PostDescription,PostedBy,IsPublic,IsOnlyForFriends,GroupID,DatePosted) VALUES (892350049,'Travel adventures in Europe',2,'true','false',15,'30-03-2020');
INSERT INTO Posts(PostID,PostDescription,PostedBy,IsPublic,IsOnlyForFriends,GroupID,DatePosted) VALUES (167405314,'Healthy recipes for busy schedules',7,'true','true',5,'28-09-2005');
INSERT INTO Posts(PostID,PostDescription,PostedBy,IsPublic,IsOnlyForFriends,GroupID,DatePosted) VALUES (950181084,'Today''s top news',5,'false','true',13,'20-08-2019');
INSERT INTO Posts(PostID,PostDescription,PostedBy,IsPublic,IsOnlyForFriends,GroupID,DatePosted) VALUES (1834551660,'10 ways to improve productivity',1,'true','false',9,'09-01-2002');
INSERT INTO Posts(PostID,PostDescription,PostedBy,IsPublic,IsOnlyForFriends,GroupID,DatePosted) VALUES (880059755,'Travel adventures in Europe',6,'false','true',10,'04-06-2013');
INSERT INTO Posts(PostID,PostDescription,PostedBy,IsPublic,IsOnlyForFriends,GroupID,DatePosted) VALUES (1689442864,'Healthy recipes for busy schedules',3,'true','false',1,'08-01-2014');
INSERT INTO Posts(PostID,PostDescription,PostedBy,IsPublic,IsOnlyForFriends,GroupID,DatePosted) VALUES (1157275949,'Today''s top news',13,'false','false',14,'20-06-2010');
INSERT INTO Posts(PostID,PostDescription,PostedBy,IsPublic,IsOnlyForFriends,GroupID,DatePosted) VALUES (1800817133,'10 ways to improve productivity',20,'true','false',17,'27-01-2001');
INSERT INTO Posts(PostID,PostDescription,PostedBy,IsPublic,IsOnlyForFriends,GroupID,DatePosted) VALUES (1271824609,'Travel adventures in Europe',15,'true','false',6,'08-02-2014');
INSERT INTO Posts(PostID,PostDescription,PostedBy,IsPublic,IsOnlyForFriends,GroupID,DatePosted) VALUES (474721822,'Healthy recipes for busy schedules',8,'false','true',7,'07-05-2004');
INSERT INTO Posts(PostID,PostDescription,PostedBy,IsPublic,IsOnlyForFriends,GroupID,DatePosted) VALUES (1251510903,'Today''s top news',17,'false','true',8,'26-07-2017');
INSERT INTO Posts(PostID,PostDescription,PostedBy,IsPublic,IsOnlyForFriends,GroupID,DatePosted) VALUES (1010147106,'10 ways to improve productivity',16,'true','false',11,'24-01-2000');
INSERT INTO Posts(PostID,PostDescription,PostedBy,IsPublic,IsOnlyForFriends,GroupID,DatePosted) VALUES (1951952439,'Travel adventures in Europe',18,'true','true',18,'02-11-2022');
INSERT INTO Posts(PostID,PostDescription,PostedBy,IsPublic,IsOnlyForFriends,GroupID,DatePosted) VALUES (725175127,'Healthy recipes for busy schedules',19,'true','true',3,'17-12-2012');
INSERT INTO Posts(PostID,PostDescription,PostedBy,IsPublic,IsOnlyForFriends,GroupID,DatePosted) VALUES (1937027164,'Today''s top news',13,'true','true',1,'09-11-2017');
INSERT INTO Posts(PostID,PostDescription,PostedBy,IsPublic,IsOnlyForFriends,GroupID,DatePosted) VALUES (922835707,'10 ways to improve productivity',15,'true','true',15,'25-06-2003');
INSERT INTO Posts(PostID,PostDescription,PostedBy,IsPublic,IsOnlyForFriends,GroupID,DatePosted) VALUES (1638849426,'Travel adventures in Europe',12,'false','true',7,'25-04-2013');
INSERT INTO Posts(PostID,PostDescription,PostedBy,IsPublic,IsOnlyForFriends,GroupID,DatePosted) VALUES (1693697545,'Healthy recipes for busy schedules',14,'true','true',14,'04-10-2002');
INSERT INTO Posts(PostID,PostDescription,PostedBy,IsPublic,IsOnlyForFriends,GroupID,DatePosted) VALUES (900929884,'Today''s top news',10,'false','true',13,'30-08-2005');
INSERT INTO Posts(PostID,PostDescription,PostedBy,IsPublic,IsOnlyForFriends,GroupID,DatePosted) VALUES (1346843320,'10 ways to improve productivity',11,'true','false',9,'20-03-2012');
INSERT INTO Posts(PostID,PostDescription,PostedBy,IsPublic,IsOnlyForFriends,GroupID,DatePosted) VALUES (1024281353,'Travel adventures in Europe',19,'false','false',10,'28-08-2010');
INSERT INTO Posts(PostID,PostDescription,PostedBy,IsPublic,IsOnlyForFriends,GroupID,DatePosted) VALUES (786523943,'Healthy recipes for busy schedules',9,'true','true',20,'30-06-2007');
INSERT INTO Posts(PostID,PostDescription,PostedBy,IsPublic,IsOnlyForFriends,GroupID,DatePosted) VALUES (939872482,'Today''s top news',8,'false','false',16,'29-04-2000');
INSERT INTO Posts(PostID,PostDescription,PostedBy,IsPublic,IsOnlyForFriends,GroupID,DatePosted) VALUES (387734302,'10 ways to improve productivity',1,'false','true',3,'20-06-2022');
INSERT INTO Posts(PostID,PostDescription,PostedBy,IsPublic,IsOnlyForFriends,GroupID,DatePosted) VALUES (733348950,'Travel adventures in Europe',20,'false','true',11,'01-07-2001');
INSERT INTO Posts(PostID,PostDescription,PostedBy,IsPublic,IsOnlyForFriends,GroupID,DatePosted) VALUES (209641364,'Healthy recipes for busy schedules',16,'true','false',8,'09-10-2015');
INSERT INTO Posts(PostID,PostDescription,PostedBy,IsPublic,IsOnlyForFriends,GroupID,DatePosted) VALUES (428909172,'Today''s top news',3,'false','true',6,'03-04-2008');
INSERT INTO Posts(PostID,PostDescription,PostedBy,IsPublic,IsOnlyForFriends,GroupID,DatePosted) VALUES (1166366735,'10 ways to improve productivity',2,'true','false',18,'05-01-2013');
INSERT INTO Posts(PostID,PostDescription,PostedBy,IsPublic,IsOnlyForFriends,GroupID,DatePosted) VALUES (1764698872,'Travel adventures in Europe',18,'true','true',4,'21-06-2006');
INSERT INTO Posts(PostID,PostDescription,PostedBy,IsPublic,IsOnlyForFriends,GroupID,DatePosted) VALUES (2122108889,'Healthy recipes for busy schedules',7,'false','true',12,'10-04-2019');
INSERT INTO Posts(PostID,PostDescription,PostedBy,IsPublic,IsOnlyForFriends,GroupID,DatePosted) VALUES (634148390,'Today''s top news',17,'false','true',17,'15-12-2021');
INSERT INTO Posts(PostID,PostDescription,PostedBy,IsPublic,IsOnlyForFriends,GroupID,DatePosted) VALUES (1489492997,'10 ways to improve productivity',4,'true','true',2,'01-09-2016');
INSERT INTO Posts(PostID,PostDescription,PostedBy,IsPublic,IsOnlyForFriends,GroupID,DatePosted) VALUES (1617237976,'Travel adventures in Europe',6,'true','true',5,'07-06-2008');
INSERT INTO Posts(PostID,PostDescription,PostedBy,IsPublic,IsOnlyForFriends,GroupID,DatePosted) VALUES (839943089,'Healthy recipes for busy schedules',5,'false','true',19,'28-04-2016');
INSERT INTO Posts(PostID,PostDescription,PostedBy,IsPublic,IsOnlyForFriends,GroupID,DatePosted) VALUES (1318049072,'Today''s top news',8,'false','true',5,'23-08-2013');
INSERT INTO Posts(PostID,PostDescription,PostedBy,IsPublic,IsOnlyForFriends,GroupID,DatePosted) VALUES (446520451,'10 ways to improve productivity',10,'false','false',8,'06-01-2000');
INSERT INTO Posts(PostID,PostDescription,PostedBy,IsPublic,IsOnlyForFriends,GroupID,DatePosted) VALUES (210786175,'Travel adventures in Europe',11,'false','true',11,'29-01-2017');
INSERT INTO Posts(PostID,PostDescription,PostedBy,IsPublic,IsOnlyForFriends,GroupID,DatePosted) VALUES (1056513338,'Healthy recipes for busy schedules',2,'false','false',20,'23-06-2011');
INSERT INTO Posts(PostID,PostDescription,PostedBy,IsPublic,IsOnlyForFriends,GroupID,DatePosted) VALUES (730507059,'Today''s top news',16,'false','false',4,'03-09-2009');
INSERT INTO Posts(PostID,PostDescription,PostedBy,IsPublic,IsOnlyForFriends,GroupID,DatePosted) VALUES (246706097,'10 ways to improve productivity',3,'false','false',10,'23-02-2018');
INSERT INTO Posts(PostID,PostDescription,PostedBy,IsPublic,IsOnlyForFriends,GroupID,DatePosted) VALUES (793288063,'Travel adventures in Europe',4,'true','false',9,'07-07-2006');
INSERT INTO Posts(PostID,PostDescription,PostedBy,IsPublic,IsOnlyForFriends,GroupID,DatePosted) VALUES (2099919280,'Healthy recipes for busy schedules',15,'true','true',14,'30-11-2015');
INSERT INTO Posts(PostID,PostDescription,PostedBy,IsPublic,IsOnlyForFriends,GroupID,DatePosted) VALUES (62601145,'Today''s top news',5,'true','true',15,'22-10-2003');
INSERT INTO Posts(PostID,PostDescription,PostedBy,IsPublic,IsOnlyForFriends,GroupID,DatePosted) VALUES (858189565,'10 ways to improve productivity',18,'true','true',16,'14-07-2019');
INSERT INTO Posts(PostID,PostDescription,PostedBy,IsPublic,IsOnlyForFriends,GroupID,DatePosted) VALUES (1348388687,'Travel adventures in Europe',6,'true','true',3,'22-05-2003');
INSERT INTO Posts(PostID,PostDescription,PostedBy,IsPublic,IsOnlyForFriends,GroupID,DatePosted) VALUES (1917212068,'Healthy recipes for busy schedules',7,'true','false',19,'29-04-2013');
INSERT INTO Posts(PostID,PostDescription,PostedBy,IsPublic,IsOnlyForFriends,GroupID,DatePosted) VALUES (2014593214,'Today''s top news',14,'true','true',18,'21-01-2015');
INSERT INTO Posts(PostID,PostDescription,PostedBy,IsPublic,IsOnlyForFriends,GroupID,DatePosted) VALUES (533895773,'10 ways to improve productivity',13,'true','false',6,'12-09-2011');
INSERT INTO Posts(PostID,PostDescription,PostedBy,IsPublic,IsOnlyForFriends,GroupID,DatePosted) VALUES (1811745526,'Travel adventures in Europe',12,'false','true',7,'22-08-2015');
INSERT INTO Posts(PostID,PostDescription,PostedBy,IsPublic,IsOnlyForFriends,GroupID,DatePosted) VALUES (1455556903,'Healthy recipes for busy schedules',1,'true','false',17,'19-03-2003');
INSERT INTO Posts(PostID,PostDescription,PostedBy,IsPublic,IsOnlyForFriends,GroupID,DatePosted) VALUES (492112541,'Today''s top news',17,'false','true',2,'16-05-2002');
INSERT INTO Posts(PostID,PostDescription,PostedBy,IsPublic,IsOnlyForFriends,GroupID,DatePosted) VALUES (434597731,'10 ways to improve productivity',19,'false','true',1,'07-04-2017');
INSERT INTO Posts(PostID,PostDescription,PostedBy,IsPublic,IsOnlyForFriends,GroupID,DatePosted) VALUES (1359034863,'Travel adventures in Europe',9,'true','false',13,'12-11-2002');
INSERT INTO Posts(PostID,PostDescription,PostedBy,IsPublic,IsOnlyForFriends,GroupID,DatePosted) VALUES (470376817,'Healthy recipes for busy schedules',20,'false','true',12,'12-06-2002');
INSERT INTO Posts(PostID,PostDescription,PostedBy,IsPublic,IsOnlyForFriends,GroupID,DatePosted) VALUES (514701193,'Today''s top news',5,'false','false',12,'26-05-2024');
INSERT INTO Posts(PostID,PostDescription,PostedBy,IsPublic,IsOnlyForFriends,GroupID,DatePosted) VALUES (1585170731,'10 ways to improve productivity',19,'false','false',3,'12-09-2018');
INSERT INTO Posts(PostID,PostDescription,PostedBy,IsPublic,IsOnlyForFriends,GroupID,DatePosted) VALUES (1982163311,'Travel adventures in Europe',15,'true','true',16,'04-09-2023');
INSERT INTO Posts(PostID,PostDescription,PostedBy,IsPublic,IsOnlyForFriends,GroupID,DatePosted) VALUES (2080344849,'Healthy recipes for busy schedules',6,'true','false',1,'08-08-2004');
INSERT INTO Posts(PostID,PostDescription,PostedBy,IsPublic,IsOnlyForFriends,GroupID,DatePosted) VALUES (1199882472,'Today''s top news',14,'true','false',6,'01-04-2004');
INSERT INTO Posts(PostID,PostDescription,PostedBy,IsPublic,IsOnlyForFriends,GroupID,DatePosted) VALUES (606743540,'10 ways to improve productivity',11,'true','false',9,'15-07-2008');
INSERT INTO Posts(PostID,PostDescription,PostedBy,IsPublic,IsOnlyForFriends,GroupID,DatePosted) VALUES (1242641920,'Travel adventures in Europe',4,'true','true',17,'02-07-2013');
INSERT INTO Posts(PostID,PostDescription,PostedBy,IsPublic,IsOnlyForFriends,GroupID,DatePosted) VALUES (1393008307,'Healthy recipes for busy schedules',2,'true','false',2,'24-04-2017');
INSERT INTO Posts(PostID,PostDescription,PostedBy,IsPublic,IsOnlyForFriends,GroupID,DatePosted) VALUES (1006990348,'Today''s top news',8,'true','false',19,'03-07-2023');
INSERT INTO Posts(PostID,PostDescription,PostedBy,IsPublic,IsOnlyForFriends,GroupID,DatePosted) VALUES (37027062,'10 ways to improve productivity',10,'true','false',15,'13-11-2011');
INSERT INTO Posts(PostID,PostDescription,PostedBy,IsPublic,IsOnlyForFriends,GroupID,DatePosted) VALUES (1064112054,'Travel adventures in Europe',3,'true','false',14,'24-12-2003');
INSERT INTO Posts(PostID,PostDescription,PostedBy,IsPublic,IsOnlyForFriends,GroupID,DatePosted) VALUES (537607132,'Healthy recipes for busy schedules',1,'false','false',11,'07-07-2001');
INSERT INTO Posts(PostID,PostDescription,PostedBy,IsPublic,IsOnlyForFriends,GroupID,DatePosted) VALUES (1788586997,'Today''s top news',18,'false','false',10,'18-04-2002');
INSERT INTO Posts(PostID,PostDescription,PostedBy,IsPublic,IsOnlyForFriends,GroupID,DatePosted) VALUES (535632670,'10 ways to improve productivity',12,'true','false',7,'04-05-2013');
INSERT INTO Posts(PostID,PostDescription,PostedBy,IsPublic,IsOnlyForFriends,GroupID,DatePosted) VALUES (81593991,'Travel adventures in Europe',20,'false','false',18,'06-09-2000');
INSERT INTO Posts(PostID,PostDescription,PostedBy,IsPublic,IsOnlyForFriends,GroupID,DatePosted) VALUES (1475107593,'Healthy recipes for busy schedules',16,'true','true',4,'25-06-2006');
INSERT INTO Posts(PostID,PostDescription,PostedBy,IsPublic,IsOnlyForFriends,GroupID,DatePosted) VALUES (726773261,'Today''s top news',7,'false','false',5,'23-02-2015');
INSERT INTO Posts(PostID,PostDescription,PostedBy,IsPublic,IsOnlyForFriends,GroupID,DatePosted) VALUES (1620261850,'10 ways to improve productivity',13,'false','true',20,'30-12-2021');
INSERT INTO Posts(PostID,PostDescription,PostedBy,IsPublic,IsOnlyForFriends,GroupID,DatePosted) VALUES (931400268,'Travel adventures in Europe',17,'false','true',8,'23-06-2012');
INSERT INTO Posts(PostID,PostDescription,PostedBy,IsPublic,IsOnlyForFriends,GroupID,DatePosted) VALUES (479411987,'Healthy recipes for busy schedules',9,'false','true',13,'29-10-2020');


-- Insert 20 records into Group Membership Requests Table

INSERT INTO GroupMembershipRequests(GroupMemberShipRequestsID,GroupID,GroupMemberUserID,IsGroupMemberShipAccepted,DateAccepted) VALUES (1,15,6,'true','27-08-2008');
INSERT INTO GroupMembershipRequests(GroupMemberShipRequestsID,GroupID,GroupMemberUserID,IsGroupMemberShipAccepted,DateAccepted) VALUES (2,20,4,'true','27-06-2003');
INSERT INTO GroupMembershipRequests(GroupMemberShipRequestsID,GroupID,GroupMemberUserID,IsGroupMemberShipAccepted,DateAccepted) VALUES (3,5,7,'false','22-08-2005');
INSERT INTO GroupMembershipRequests(GroupMemberShipRequestsID,GroupID,GroupMemberUserID,IsGroupMemberShipAccepted,DateAccepted) VALUES (4,2,3,'false','21-06-2014');
INSERT INTO GroupMembershipRequests(GroupMemberShipRequestsID,GroupID,GroupMemberUserID,IsGroupMemberShipAccepted,DateAccepted) VALUES (5,11,13,'false','15-10-2009');
INSERT INTO GroupMembershipRequests(GroupMemberShipRequestsID,GroupID,GroupMemberUserID,IsGroupMemberShipAccepted,DateAccepted) VALUES (6,9,9,'false','29-05-2009');
INSERT INTO GroupMembershipRequests(GroupMemberShipRequestsID,GroupID,GroupMemberUserID,IsGroupMemberShipAccepted,DateAccepted) VALUES (7,13,8,'false','17-04-2019');
INSERT INTO GroupMembershipRequests(GroupMemberShipRequestsID,GroupID,GroupMemberUserID,IsGroupMemberShipAccepted,DateAccepted) VALUES (8,19,5,'false','09-01-2000');
INSERT INTO GroupMembershipRequests(GroupMemberShipRequestsID,GroupID,GroupMemberUserID,IsGroupMemberShipAccepted,DateAccepted) VALUES (9,7,14,'true','02-09-2022');
INSERT INTO GroupMembershipRequests(GroupMemberShipRequestsID,GroupID,GroupMemberUserID,IsGroupMemberShipAccepted,DateAccepted) VALUES (10,8,18,'false','10-11-2011');
INSERT INTO GroupMembershipRequests(GroupMemberShipRequestsID,GroupID,GroupMemberUserID,IsGroupMemberShipAccepted,DateAccepted) VALUES (11,12,15,'false','11-02-2003');
INSERT INTO GroupMembershipRequests(GroupMemberShipRequestsID,GroupID,GroupMemberUserID,IsGroupMemberShipAccepted,DateAccepted) VALUES (12,18,16,'true','10-05-2015');
INSERT INTO GroupMembershipRequests(GroupMemberShipRequestsID,GroupID,GroupMemberUserID,IsGroupMemberShipAccepted,DateAccepted) VALUES (13,4,11,'false','23-02-2004');
INSERT INTO GroupMembershipRequests(GroupMemberShipRequestsID,GroupID,GroupMemberUserID,IsGroupMemberShipAccepted,DateAccepted) VALUES (14,3,10,'false','19-02-2011');
INSERT INTO GroupMembershipRequests(GroupMemberShipRequestsID,GroupID,GroupMemberUserID,IsGroupMemberShipAccepted,DateAccepted) VALUES (15,10,1,'true','16-03-2006');
INSERT INTO GroupMembershipRequests(GroupMemberShipRequestsID,GroupID,GroupMemberUserID,IsGroupMemberShipAccepted,DateAccepted) VALUES (16,17,19,'false','15-02-2015');
INSERT INTO GroupMembershipRequests(GroupMemberShipRequestsID,GroupID,GroupMemberUserID,IsGroupMemberShipAccepted,DateAccepted) VALUES (17,14,12,'true','22-02-2005');
INSERT INTO GroupMembershipRequests(GroupMemberShipRequestsID,GroupID,GroupMemberUserID,IsGroupMemberShipAccepted,DateAccepted) VALUES (18,6,2,'false','17-12-2002');
INSERT INTO GroupMembershipRequests(GroupMemberShipRequestsID,GroupID,GroupMemberUserID,IsGroupMemberShipAccepted,DateAccepted) VALUES (19,1,20,'false','23-10-2012');
INSERT INTO GroupMembershipRequests(GroupMemberShipRequestsID,GroupID,GroupMemberUserID,IsGroupMemberShipAccepted,DateAccepted) VALUES (20,16,17,'true','26-07-2022');




